transaction_id,customer_id,amount,merchant_name,location,date_time
TXN725261,,8220.39,Zomato,Delhi,2026-03-30T23:43:27.887592
TXN774271,CUSTX965,20447.4,Uber,Mumbai,2026-03-30T23:43:27.899236
TXN465236,,46470.25,Swiggy,,
TXN955193,,,Uber,Chennai,
TXN300127,,36614.7,Uber,Pune,2026-03-30T23:43:27.921478
TXN105691,,12656.93,,Delhi,2026-03-30T23:43:27.935523
TXN750346,CUSTX685,8004.97,Zomato,Pune,2026-03-30T23:43:27.940100
TXN713272,,16748.81,,,
TXN599676,CUSTX222,3368.44,Amazon,,
TXN388895,CUSTX930,5530.34,Zomato,Bangalore,
TXN198260,,###,Flipkart,,
TXN672775,,24965.81,,Delhi,
TXN858366,,18361.27,Amazon,Chennai,INVALID_DATE
TXN263941,,3875.17,Zomato,,
TXN715928,CUST4113,30972.3,Flipkart,Delhi,
TXN495477,CUST7428,20340.48,Swiggy,Chennai,2026-03-30T23:43:28.042695
TXN855923,CUST8591,,Amazon,,
TXN720851,,587.5,Netflix,Mumbai,
TXN934497,,13543.58,,Pune,INVALID_DATE
TXN447265,,18138.71,Zomato,,INVALID_DATE
TXN434338,,19748.8,Netflix,,
TXN197337,CUST9188,22858.54,Zomato,Bangalore,2026-03-30T23:43:28.119923
TXN164706,CUST1564,7843.0,,,
TXN709772,CUST5119,19129.1,,Mumbai,INVALID_DATE
TXN642189,CUST7692,4486.95,,Chennai,
TXN404642,,4618.43,Flipkart,Delhi,INVALID_DATE
TXN414153,CUSTX637,13189.46,,Delhi,
TXN766341,,21971.68,Flipkart,Bangalore,
TXN673444,CUST7296,56309.3,Netflix,Mumbai,2026-03-30T23:43:28.215369
TXN260066,,5980.88,Swiggy,Mumbai,INVALID_DATE
TXN213461,,0,Uber,Bangalore,
TXN675890,CUSTX792,,Amazon,Chennai,2026-03-30T23:43:28.262981
TXN184703,,6734.04,Uber,Bangalore,INVALID_DATE
TXN994115,CUSTX918,,Netflix,,2026-03-30T23:43:28.298930
TXN668170,,1945.26,,Chennai,
TXN470990,,18660.48,Netflix,,INVALID_DATE
TXN787101,CUSTX660,5824.86,Netflix,Bangalore,2026-03-30T23:43:28.338073
TXN369308,CUST6737,5663.51,Flipkart,Delhi,2026-03-30T23:43:28.342206
TXN256710,,,Zomato,,
TXN541489,CUST5415,6910.59,,Bangalore,2026-03-30T23:43:28.373757
TXN258230,CUSTX443,10123.63,,Mumbai,
TXN562890,CUSTX742,14720.78,Uber,Bangalore,2026-03-30T23:43:30.095627
TXN184972,CUSTX728,22475.17,Amazon,Chennai,
TXN718612,,6900.03,Netflix,Mumbai,2026-03-30T23:43:30.204422
TXN217292,CUSTX547,14776.12,,Delhi,2026-03-30T23:43:30.223423
TXN147634,CUSTX849,23250.61,,Delhi,2026-03-30T23:43:30.246474
TXN616535,CUSTX664,21191.83,Uber,Delhi,INVALID_DATE
TXN429785,,6571.02,Amazon,Delhi,
TXN808806,,18543.74,Zomato,,INVALID_DATE
TXN556282,CUST9693,9712.0,,,
TXN311442,CUST2273,20197.41,Swiggy,Bangalore,
TXN220664,CUST4368,,Swiggy,,
TXN981031,CUSTX146,21279.72,,Chennai,
TXN738045,CUST9522,0,Flipkart,Pune,2026-03-30T23:43:30.389390
TXN705791,CUST3293,25438.31,Zomato,,2026-03-30T23:43:30.405105
TXN677227,,###,,,
TXN633735,CUSTX321,,Amazon,Delhi,INVALID_DATE
TXN479943,,18674.28,Netflix,Pune,2026-03-30T23:43:30.438857
TXN642502,CUST6875,invalid,Flipkart,Pune,2026-03-30T23:43:30.443224
TXN300931,,24120.4,Amazon,Mumbai,2026-03-30T23:43:30.458757
TXN717562,CUST3728,15190.48,Netflix,,INVALID_DATE
TXN231442,CUST1009,23834.83,,,
TXN169690,CUSTX988,7571.73,,Delhi,
TXN222525,,20894.58,,,2026-03-30T23:43:30.490396
TXN706257,CUSTX635,11131.25,Zomato,Bangalore,
TXN941894,,3500.07,Zomato,Pune,
TXN811273,CUSTX761,2249.35,Uber,Pune,INVALID_DATE
TXN232764,,14227.29,,Mumbai,
TXN874943,,20500.88,Uber,Bangalore,INVALID_DATE
TXN372652,,22888.56,Amazon,Mumbai,
TXN755595,,12792.21,Uber,Bangalore,2026-03-30T23:43:30.563596
TXN225118,CUSTX220,20739.98,Amazon,,INVALID_DATE
TXN306821,CUSTX677,ERR,Flipkart,,
TXN883582,,18547.86,Netflix,Pune,2026-03-30T23:43:30.595132
TXN396848,CUSTX243,5883.56,Netflix,Chennai,2026-03-30T23:43:30.611029
TXN187229,CUSTX243,,,,2026-03-30T23:43:30.626764
TXN242937,,###,,Mumbai,
TXN972155,,21245.59,Flipkart,Mumbai,INVALID_DATE
TXN341431,CUSTX428,20062.42,Zomato,,
TXN518782,,9495.63,Swiggy,Mumbai,
TXN697775,CUST5201,??,,Pune,
TXN442452,,5232.84,Flipkart,,
TXN884261,CUSTX777,,Flipkart,,INVALID_DATE
TXN905214,CUSTX499,2878.05,Amazon,Pune,
TXN703845,CUSTX681,18774.05,Netflix,Pune,
TXN924811,,14531.94,,Pune,2026-03-30T23:43:32.371076
TXN308714,,18954.31,Netflix,Delhi,
TXN418134,CUSTX871,5569.33,Amazon,Mumbai,
TXN629038,CUST5964,4848.48,Netflix,,INVALID_DATE
TXN419193,,9476.76,Uber,Pune,
TXN951598,,8917.19,Flipkart,,2026-03-30T23:43:32.490229
TXN926304,CUST8422,NaN,Flipkart,,2026-03-30T23:43:32.519319
TXN179544,CUSTX273,,Zomato,Mumbai,
TXN155431,CUSTX493,5465.73,Amazon,,
TXN915202,,20781.43,,Pune,
TXN785881,CUSTX276,10058.81,Netflix,Chennai,
TXN480716,CUSTX594,10085.08,Flipkart,,
TXN991412,CUSTX300,56049.75,Zomato,Mumbai,
TXN254725,CUST8632,18969.68,,Chennai,
TXN452261,,10664.33,Netflix,Mumbai,
TXN264200,,NaN,Flipkart,Chennai,
TXN954697,,21762.79,Flipkart,Chennai,INVALID_DATE
TXN176686,,invalid,,Pune,2026-03-30T23:43:33.809865
TXN753786,CUST7171,14434.78,Flipkart,,
TXN607731,CUSTX425,26522.14,Amazon,Delhi,INVALID_DATE
TXN628799,CUST6075,9930.26,Netflix,Mumbai,
TXN485529,,4393.01,Swiggy,Chennai,
TXN138898,,,Flipkart,Chennai,2026-03-30T23:43:33.905007
TXN390534,,17436.89,Zomato,Mumbai,
TXN294724,,18686.71,,Pune,
TXN550432,,21691.1,,Pune,2026-03-30T23:43:33.960879
TXN501554,CUSTX823,23798.83,,,
TXN911151,CUST3259,724.49,Flipkart,,INVALID_DATE
TXN942738,,NaN,,,
TXN827274,,9559.5,,Delhi,
TXN765256,CUSTX994,20529.42,,,INVALID_DATE
TXN265385,CUST9317,11165.45,Netflix,Delhi,
TXN256894,CUSTX576,16469.51,,,INVALID_DATE
TXN446524,,24486.55,,Mumbai,2026-03-30T23:43:34.155387
TXN292070,CUST1120,3908.61,Amazon,,2026-03-30T23:43:34.180278
TXN431192,CUST1087,,,Pune,
TXN939799,CUSTX685,22126.06,,Mumbai,
TXN193552,CUSTX320,9393.43,,,
TXN924552,,3358.75,Amazon,Chennai,
TXN340320,,18930.6,Flipkart,Delhi,
TXN198204,CUSTX324,57946.34,Amazon,Delhi,
TXN391889,CUSTX793,42269.99,Uber,,
TXN667466,CUSTX816,22632.25,Zomato,Mumbai,
TXN236962,CUST3814,17839.97,Flipkart,Delhi,
TXN317807,CUSTX242,25654.42,,Mumbai,
TXN749045,CUSTX427,6364.04,Amazon,Pune,INVALID_DATE
TXN704167,CUST4254,13944.75,Uber,Bangalore,
TXN440144,CUST5125,4986.34,Netflix,Pune,2026-03-30T23:43:35.475439
TXN198204,,5130.77,Netflix,Delhi,
TXN113769,CUSTX631,78988.45,Amazon,Pune,2026-03-30T23:43:35.504333
TXN733158,,16706.03,Netflix,Bangalore,
TXN549626,,2097.42,Uber,Delhi,
TXN141494,,67572.18,Netflix,Mumbai,
TXN851540,CUST5316,3068.9,Uber,Mumbai,
TXN258010,CUSTX923,25717.68,Zomato,Pune,
TXN774496,,47507.06,Uber,Mumbai,INVALID_DATE
TXN502088,,,Swiggy,,2026-03-30T23:43:35.611468
TXN553916,,14426.3,Uber,Pune,INVALID_DATE
TXN865215,,9960.23,,Chennai,
TXN563179,,4700.16,Flipkart,Bangalore,
TXN659259,,13395.13,,Bangalore,
TXN190448,,14482.98,Amazon,,2026-03-30T23:43:35.684043
TXN927585,CUST4041,17684.58,,Mumbai,INVALID_DATE
TXN688995,CUSTX107,4450.74,,Chennai,
TXN325442,CUSTX727,25305.56,Amazon,Pune,INVALID_DATE
TXN586275,CUST5075,17500.15,,,2026-03-30T23:43:35.758007
TXN832662,,15430.39,Swiggy,Pune,INVALID_DATE
TXN192721,,1600.72,Amazon,Pune,
TXN811278,CUST9665,4887.81,Amazon,Bangalore,INVALID_DATE
TXN514957,CUST7547,10232.74,Swiggy,Chennai,
TXN715462,CUST4189,10245.91,,,
TXN566111,CUST7752,6303.04,Netflix,Mumbai,
TXN512350,,7777.16,Zomato,Chennai,
TXN139687,,16761.35,Uber,Delhi,INVALID_DATE
TXN232033,,22820.75,Uber,Pune,2026-03-30T23:43:37.195073
TXN772342,CUSTX375,,Uber,Mumbai,
TXN328731,CUST7524,16886.47,,Bangalore,INVALID_DATE
TXN343948,CUSTX294,17456.44,Netflix,Delhi,
TXN910061,,17308.15,Zomato,,
TXN412299,CUSTX298,13090.19,,Mumbai,
TXN241312,CUST6013,10266.12,Amazon,,
TXN203904,,invalid,Amazon,,
TXN602073,CUST1325,7245.45,Swiggy,Delhi,2026-03-30T23:43:37.343737
TXN750969,CUSTX284,10754.3,Zomato,Mumbai,
TXN913848,CUSTX564,10924.19,,Bangalore,INVALID_DATE
TXN244779,,47767.32,Zomato,,
TXN261393,,15774.34,,Bangalore,2026-03-30T23:43:37.431508
TXN172242,,7956.02,Swiggy,,2026-03-30T23:43:37.453004
TXN710720,,2891.26,Amazon,Mumbai,
TXN997499,,7574.86,Amazon,,
TXN108321,,14610.92,Uber,Mumbai,2026-03-30T23:43:37.500842
TXN308888,,56548.39,Zomato,Chennai,2026-03-30T23:43:37.516809
TXN497023,,20707.04,,Mumbai,2026-03-30T23:43:37.544223
TXN159006,CUST5055,9430.51,Uber,Chennai,2026-03-30T23:43:37.558121
TXN231836,,14475.19,Flipkart,,
TXN838444,CUSTX489,,Zomato,Chennai,
TXN955680,CUST1755,1315.99,Uber,Pune,
TXN614681,,11989.86,Uber,,INVALID_DATE
TXN115504,CUST9560,3756.23,Swiggy,Chennai,
TXN547151,,22601.55,,Bangalore,INVALID_DATE
TXN442473,CUSTX533,44900.69,,,
TXN200870,,5392.31,,Mumbai,2026-03-30T23:43:38.964498
TXN279506,,0,,Chennai,
TXN434857,,14646.54,Zomato,,INVALID_DATE
TXN738982,CUSTX576,6311.82,Netflix,,2026-03-30T23:43:39.044135
TXN564739,CUST3093,21238.78,,Pune,INVALID_DATE
TXN776063,CUSTX666,1624.56,Uber,Chennai,
TXN279359,CUST3977,22670.39,Swiggy,,
TXN366086,CUST5466,37494.51,,Chennai,
TXN261978,CUST9926,5850.59,Uber,Mumbai,
TXN540020,CUST6666,18639.87,Zomato,,
TXN163042,CUST4139,20576.27,Swiggy,Bangalore,
TXN977475,,10768.59,Netflix,Pune,INVALID_DATE
TXN993509,CUST3416,12990.04,Zomato,Mumbai,INVALID_DATE
TXN182572,,2095.13,Amazon,Mumbai,
TXN310476,,###,,,INVALID_DATE
TXN315404,,12401.94,Swiggy,,INVALID_DATE
TXN464636,CUSTX426,7767.36,,Pune,
TXN956985,,9188.99,Zomato,Pune,INVALID_DATE
TXN988352,CUST8771,9195.47,Amazon,Chennai,
TXN894631,,13348.0,Zomato,Bangalore,INVALID_DATE
TXN349631,,ERR,Amazon,Chennai,2026-03-30T23:43:40.374277
TXN592586,CUST7206,78692.98,,,INVALID_DATE
TXN815544,,44966.32,,Bangalore,
TXN722261,CUSTX333,13638.68,Zomato,,2026-03-30T23:43:40.449168
TXN298083,CUST7672,19364.92,,Bangalore,2026-03-30T23:43:40.469987
TXN424809,,6543.45,Zomato,Pune,2026-03-30T23:43:40.493930
TXN967057,,43225.09,Zomato,Bangalore,
TXN579606,,10746.96,Uber,,2026-03-30T23:43:40.545442
TXN360102,,75803.58,,Bangalore,INVALID_DATE
TXN936887,CUST9163,0,,,INVALID_DATE
TXN843826,CUSTX178,0,,Chennai,INVALID_DATE
TXN113326,CUSTX502,37.27,Uber,Mumbai,
TXN681436,,13566.97,Amazon,,2026-03-30T23:43:40.616847
TXN965214,,8258.89,Swiggy,,
TXN350225,CUSTX521,0,Amazon,,2026-03-30T23:43:40.647655
TXN556381,,17363.32,,,INVALID_DATE
TXN838589,CUST5212,10290.5,Flipkart,,
TXN461013,,73782.29,Netflix,Chennai,
TXN407294,CUSTX775,15510.85,Zomato,Mumbai,
TXN855989,CUSTX455,0,Swiggy,Bangalore,
TXN982072,CUST2753,14446.05,Zomato,Chennai,INVALID_DATE
TXN400385,CUSTX357,16581.71,Flipkart,Bangalore,
TXN789410,CUST3009,15940.66,Uber,Pune,
TXN328738,,2867.77,Zomato,,
TXN245105,,891.27,,Delhi,
TXN498988,,2463.73,Zomato,,2026-03-30T23:43:41.948655
TXN642618,,46740.57,,Bangalore,2026-03-30T23:43:41.974819
TXN695458,,14283.52,Zomato,Delhi,2026-03-30T23:43:42.190368
TXN521644,,7189.1,Zomato,Pune,
TXN865510,CUST4075,19057.31,Zomato,Bangalore,
TXN946032,,13884.41,Swiggy,Pune,2026-03-30T23:43:42.285189
TXN781269,CUST8326,invalid,Flipkart,Bangalore,2026-03-30T23:43:42.310094
TXN218429,,21480.27,Netflix,Delhi,2026-03-30T23:43:42.367967
TXN444153,,18639.71,Zomato,Pune,
TXN914131,CUSTX231,71766.05,,Chennai,INVALID_DATE
TXN217237,,21978.73,Netflix,Pune,
TXN297773,CUSTX965,13889.2,Netflix,Pune,
TXN168575,,14730.2,Amazon,Delhi,
TXN938155,CUST6859,7905.63,Uber,Delhi,
TXN712632,CUST9554,13339.68,Zomato,,2026-03-30T23:43:43.126497
TXN350521,CUST3826,16754.29,Netflix,Mumbai,2026-03-30T23:43:43.147131
TXN608009,,20458.67,Uber,Mumbai,INVALID_DATE
TXN987765,CUST6870,8186.62,Zomato,Bangalore,
TXN971454,,18962.16,Amazon,Bangalore,INVALID_DATE
TXN480664,CUST5299,15572.45,Amazon,,
TXN967201,CUST6259,6259.94,Flipkart,,2026-03-30T23:43:43.446863
TXN358287,CUST8607,###,Uber,,
TXN696849,,9642.2,,Pune,INVALID_DATE
TXN704925,,21158.28,,Delhi,
TXN870355,,21468.66,,,
TXN656019,CUSTX981,20116.71,Flipkart,,INVALID_DATE
TXN412190,CUST5907,3109.21,,Mumbai,
TXN923982,CUST6520,38767.88,Uber,Chennai,2026-03-30T23:43:43.615030
TXN123705,CUSTX175,8096.21,Amazon,Chennai,
TXN679628,,??,Netflix,Mumbai,2026-03-30T23:43:43.843378
TXN237685,,7821.33,Zomato,Chennai,2026-03-30T23:43:43.867250
TXN488000,CUSTX217,16711.31,Netflix,Bangalore,INVALID_DATE
TXN758933,CUSTX435,13207.98,,Bangalore,INVALID_DATE
TXN142042,,17338.14,Swiggy,Mumbai,
TXN443730,CUSTX932,4326.16,Uber,Delhi,
TXN312342,CUST2494,9594.73,Netflix,Delhi,INVALID_DATE
TXN779020,CUST9511,25371.07,Swiggy,,
TXN422374,CUSTX943,7123.31,Flipkart,,
TXN977501,,6744.56,,Mumbai,INVALID_DATE
TXN155806,CUST1817,,Uber,Bangalore,
TXN513973,,25709.01,,Bangalore,2026-03-30T23:43:44.784733
TXN673021,,51567.23,Amazon,Delhi,
TXN777352,CUST6300,54362.55,Swiggy,Pune,
TXN589592,,15493.77,Zomato,,2026-03-30T23:43:44.817784
TXN365661,,14723.76,,,INVALID_DATE
TXN972048,CUSTX798,20262.22,Flipkart,,
TXN378223,CUST4091,4456.76,Uber,,INVALID_DATE
TXN797249,CUST6140,21269.43,Amazon,Delhi,INVALID_DATE
TXN983713,CUST1860,15655.44,Flipkart,Chennai,INVALID_DATE
TXN668445,,34613.22,Swiggy,Bangalore,
TXN414405,CUSTX660,9442.71,Flipkart,,
TXN139887,CUST1160,19690.22,Swiggy,Mumbai,
TXN436499,,17164.3,Amazon,,
TXN372021,CUST1245,2441.08,,Pune,2026-03-30T23:43:44.990698
TXN285151,CUST4764,15176.96,,Mumbai,2026-03-30T23:43:45.013198
TXN134815,,8635.24,Zomato,Bangalore,2026-03-30T23:43:45.040156
TXN128072,,,,Mumbai,
TXN463377,,18579.34,,Delhi,
TXN701209,,NaN,,Chennai,2026-03-30T23:43:46.205342
TXN693261,,14269.32,Netflix,Pune,
TXN197262,,19037.28,Flipkart,,INVALID_DATE
TXN397249,,13703.05,Flipkart,Pune,2026-03-30T23:43:46.391985
TXN875177,,1354.64,Swiggy,,
TXN673155,,1546.33,Zomato,Pune,
TXN238719,CUSTX522,18617.89,Netflix,Bangalore,
TXN670397,,17820.22,Swiggy,,2026-03-30T23:43:46.455332
TXN883750,,9024.17,Netflix,Delhi,2026-03-30T23:43:46.474409
TXN350700,CUST7428,45163.55,,Bangalore,
TXN891901,CUST7533,58200.99,Uber,Delhi,2026-03-30T23:43:46.502717
TXN127850,,8554.72,Uber,,
TXN665313,CUST7881,3.67,,Chennai,2026-03-30T23:43:46.556078
TXN369720,CUSTX232,3407.28,,Chennai,
TXN503697,CUST3959,12742.23,,,INVALID_DATE
TXN844972,,7637.37,Amazon,Bangalore,
TXN300168,,6572.86,Amazon,Mumbai,
TXN980357,,??,Netflix,Mumbai,2026-03-30T23:43:46.643601
TXN373247,,###,,Pune,INVALID_DATE
TXN823137,,13000.83,Uber,Pune,
TXN869194,CUSTX715,11733.93,Amazon,Delhi,
TXN490727,CUST9687,10266.24,Amazon,Chennai,
TXN568483,CUSTX365,55742.58,Flipkart,Bangalore,2026-03-30T23:43:46.712220
TXN519193,,4712.83,Amazon,Pune,
TXN102600,,8235.43,,Bangalore,INVALID_DATE
TXN671049,,19093.85,,Chennai,2026-03-30T23:43:46.751886
TXN221603,,22713.15,,Bangalore,2026-03-30T23:43:46.765766
TXN697386,,48018.87,,,
TXN404121,,9852.45,Zomato,,2026-03-30T23:43:46.792719
TXN104231,,25898.93,Netflix,Bangalore,2026-03-30T23:43:46.803095
TXN842030,,16273.48,Amazon,Mumbai,2026-03-30T23:43:46.818991
TXN713492,CUST9370,9581.79,Zomato,,2026-03-30T23:43:46.834847
TXN863339,CUSTX650,19048.69,Flipkart,,
TXN222684,CUSTX441,5762.04,,Delhi,INVALID_DATE
TXN914293,CUSTX842,13804.93,,Chennai,
TXN981009,,18421.21,Amazon,Bangalore,
TXN722352,CUSTX300,10420.71,Uber,,
TXN467910,CUST6772,NaN,Flipkart,Chennai,INVALID_DATE
TXN816148,,5881.7,Netflix,Bangalore,
TXN806373,CUSTX232,20573.65,Zomato,,
TXN948588,CUST5090,0,,Mumbai,INVALID_DATE
TXN614374,,16316.74,Amazon,,INVALID_DATE
TXN164538,,20959.14,Swiggy,Pune,INVALID_DATE
TXN229025,,3371.69,Zomato,Mumbai,
TXN782924,CUSTX348,11109.16,Swiggy,,2026-03-30T23:43:48.657939
TXN917831,CUSTX165,12323.73,Netflix,Bangalore,INVALID_DATE
TXN270745,CUSTX537,,Zomato,Delhi,
TXN703808,,11478.91,Flipkart,Bangalore,
TXN579362,,6846.41,Flipkart,Chennai,2026-03-30T23:43:48.722024
TXN404894,CUSTX575,39857.0,Swiggy,,
TXN161192,CUSTX474,13784.45,,,
TXN854886,CUST6277,12675.76,,Chennai,2026-03-30T23:43:48.791067
TXN681817,,19518.45,Zomato,,2026-03-30T23:43:48.817671
TXN180737,,8093.54,Uber,,
TXN831023,CUSTX969,1863.67,Swiggy,Chennai,
TXN712150,,9035.13,,,
TXN800913,,24290.05,Uber,Bangalore,INVALID_DATE
TXN309715,,###,,Chennai,
TXN412602,CUST1277,16943.51,Amazon,Chennai,
TXN409812,CUST5775,3635.07,Zomato,Chennai,
TXN555952,,35847.56,,,2026-03-30T23:43:50.018884
TXN328126,,11374.29,Uber,,2026-03-30T23:43:50.034070
TXN471810,CUST5868,24207.38,,Chennai,INVALID_DATE
TXN580687,,8973.75,Amazon,,
TXN450708,,79428.73,Swiggy,Delhi,2026-03-30T23:43:50.072168
TXN627121,,3384.42,Swiggy,,
TXN564542,CUST2550,9910.6,,Mumbai,
TXN461726,CUSTX642,7478.22,,Bangalore,
TXN803519,,4863.1,Swiggy,Bangalore,
TXN669488,CUSTX939,5678.72,Swiggy,Delhi,INVALID_DATE
TXN979176,CUSTX200,30862.45,Amazon,Mumbai,2026-03-30T23:43:50.145356
TXN600306,,71130.62,,Delhi,
TXN393125,,18116.91,Swiggy,Delhi,2026-03-30T23:43:50.181421
TXN766053,,30.23,,,INVALID_DATE
TXN199124,CUSTX395,,Amazon,,2026-03-30T23:43:50.221427
TXN980676,,17373.53,Zomato,Pune,2026-03-30T23:43:50.240853
TXN890859,CUSTX535,13113.37,,,
TXN271329,,20356.61,Zomato,,INVALID_DATE
TXN405200,,9462.84,Netflix,,INVALID_DATE
TXN254091,,25943.98,Swiggy,Delhi,
TXN711392,,,Swiggy,,INVALID_DATE
TXN292515,,18588.47,Amazon,Bangalore,INVALID_DATE
TXN756920,,9970.75,Uber,Chennai,2026-03-30T23:43:51.707158
TXN127331,,17441.51,Zomato,Pune,
TXN154751,CUST5514,0,Flipkart,,INVALID_DATE
TXN311699,CUST2373,23730.54,Zomato,Pune,INVALID_DATE
TXN232846,CUSTX145,3001.97,,,INVALID_DATE
TXN913646,CUSTX921,12492.46,Uber,Pune,2026-03-30T23:43:51.803669
TXN883943,,46129.1,Amazon,Delhi,INVALID_DATE
TXN167970,,2759.72,Uber,Delhi,INVALID_DATE
TXN655571,CUSTX280,8366.78,,Mumbai,INVALID_DATE
TXN549797,CUSTX362,14437.72,Swiggy,Mumbai,2026-03-30T23:43:51.898507
TXN180344,CUSTX912,450.49,,,
TXN793260,,5335.35,,,
TXN582580,,3325.34,Uber,Delhi,2026-03-30T23:43:51.945923
TXN874955,CUSTX980,51009.04,Uber,Bangalore,INVALID_DATE
TXN453977,,19391.51,Amazon,Delhi,2026-03-30T23:43:51.980172
TXN865646,,19530.02,Uber,,2026-03-30T23:43:51.982187
TXN127953,CUSTX284,59320.89,Swiggy,Bangalore,
TXN315268,,,Uber,Delhi,
TXN864035,,23523.17,Amazon,Pune,2026-03-30T23:43:52.041383
TXN799228,CUSTX209,25478.98,Flipkart,Chennai,INVALID_DATE
TXN299766,CUSTX687,78885.04,,Chennai,INVALID_DATE
TXN618864,CUST2659,4149.1,Netflix,Delhi,2026-03-30T23:43:52.104234
TXN178797,,47864.99,,Pune,
TXN128133,,,,Bangalore,
TXN127241,CUST4621,0,Zomato,Chennai,
TXN523131,CUSTX486,15364.33,Flipkart,Chennai,
TXN998109,,13083.29,Amazon,Mumbai,
TXN927558,,13980.92,Flipkart,,
TXN794774,,18155.87,Uber,Mumbai,
TXN541833,CUST3603,25245.99,,Pune,
TXN254395,CUSTX453,8061.58,,Pune,2026-03-30T23:43:53.616880
TXN425355,,18422.3,Amazon,Delhi,2026-03-30T23:43:53.639159
TXN929233,,,,,
TXN149479,CUSTX646,79716.0,,Mumbai,INVALID_DATE
TXN812275,,12399.04,Netflix,Delhi,
TXN503015,CUST1280,19984.29,Amazon,Chennai,2026-03-30T23:43:53.748053
TXN825299,CUSTX722,10840.72,Uber,Delhi,2026-03-30T23:43:53.779383
TXN626850,,8059.19,Amazon,Delhi,INVALID_DATE
TXN681853,,8101.29,Zomato,Bangalore,INVALID_DATE
TXN478986,CUSTX259,23464.92,Flipkart,Mumbai,
TXN771536,CUST3076,920.45,Swiggy,Mumbai,
TXN311229,CUST1874,44084.57,Amazon,Mumbai,2026-03-30T23:43:53.906504
TXN698278,CUST1200,11469.18,Swiggy,Pune,INVALID_DATE
TXN251154,CUSTX844,4670.84,Flipkart,,
TXN503970,CUST9244,26852.73,Uber,Pune,2026-03-30T23:43:53.969903
TXN559444,,25143.43,,Chennai,INVALID_DATE
TXN361214,,9930.57,,Pune,INVALID_DATE
TXN356551,CUST6231,16558.03,Netflix,Pune,
TXN662308,CUSTX939,17788.95,Swiggy,,2026-03-30T23:43:54.077918
TXN992802,,16468.21,,Mumbai,
TXN425943,,69433.87,,Pune,
TXN849601,,24026.81,,Delhi,2026-03-30T23:43:55.202103
TXN769836,,22853.18,,,2026-03-30T23:43:55.228019
TXN898142,,13736.54,,Mumbai,
TXN134027,,23503.84,Netflix,,2026-03-30T23:43:55.276621
TXN676637,,16190.93,Swiggy,Delhi,
TXN814594,CUST4449,15372.54,,Delhi,
TXN629500,CUST5161,23322.94,Amazon,Chennai,2026-03-30T23:43:55.340049
TXN638332,,invalid,Uber,,
TXN928198,CUST9259,22443.8,Amazon,Mumbai,
TXN339033,,10455.54,Netflix,Pune,
TXN666108,,20553.63,Swiggy,Pune,2026-03-30T23:43:55.425778
TXN764702,CUSTX299,4407.4,Uber,,
TXN274642,CUSTX895,11499.56,Flipkart,Mumbai,
TXN447360,CUST6044,15591.34,Netflix,,
TXN137476,,36333.01,Zomato,,
TXN250322,,2074.75,Netflix,Chennai,
TXN534010,,23194.05,,,
TXN525276,CUSTX938,3653.63,Netflix,Mumbai,2026-03-30T23:43:55.577063
TXN879807,CUSTX897,18850.45,Swiggy,,2026-03-30T23:43:55.599494
TXN766279,CUSTX229,12286.8,,Chennai,INVALID_DATE
TXN227570,,20991.49,,,
TXN315609,CUST7283,,Uber,,
TXN829027,,NaN,Swiggy,Delhi,
TXN770745,,18149.2,Amazon,,
TXN771185,CUST7705,52681.62,Swiggy,Bangalore,
TXN572421,,8531.24,Flipkart,Pune,INVALID_DATE
TXN911189,,NaN,Flipkart,Chennai,2026-03-30T23:43:56.939284
TXN359545,,16439.5,Flipkart,Mumbai,INVALID_DATE
TXN163115,,33887.32,Swiggy,Pune,
TXN897888,CUSTX392,20281.12,,Delhi,
TXN307263,CUST3702,15156.94,,Delhi,
TXN833520,,0,Amazon,,INVALID_DATE
TXN743443,CUSTX409,8607.27,Swiggy,Delhi,2026-03-30T23:43:57.060836
TXN149851,CUST9545,11263.71,,Chennai,2026-03-30T23:43:57.092354
TXN740009,CUST6275,18431.56,Swiggy,Pune,
TXN240980,CUST1638,??,,Bangalore,INVALID_DATE
TXN947531,,3076.15,Amazon,,INVALID_DATE
TXN512881,CUST6572,28323.25,,,
TXN446078,CUSTX988,4854.49,Uber,Bangalore,
TXN139783,CUSTX223,0,,Delhi,INVALID_DATE
TXN673689,,22434.59,Uber,Mumbai,INVALID_DATE
TXN732863,CUSTX350,6934.62,Netflix,,2026-03-30T23:43:57.251230
TXN915161,,44208.11,Flipkart,Bangalore,
TXN341320,CUST2898,5322.99,Uber,Bangalore,
TXN427102,CUSTX731,18128.02,,Chennai,
TXN137218,,23396.42,Uber,Pune,INVALID_DATE
TXN435034,,,,Pune,INVALID_DATE
TXN717975,CUSTX797,18155.12,Zomato,,INVALID_DATE
TXN912795,CUST1043,15013.86,Swiggy,Pune,
TXN118879,,25345.05,Zomato,Chennai,2026-03-30T23:43:58.600916
TXN778241,CUST5915,,Uber,Bangalore,
TXN103334,,13033.88,Flipkart,Bangalore,
TXN762541,,39805.03,Zomato,Delhi,INVALID_DATE
TXN206879,,9359.49,Uber,Bangalore,2026-03-30T23:43:58.702113
TXN599288,,49786.19,Amazon,Mumbai,
TXN440893,CUST5670,9004.37,,Delhi,2026-03-30T23:43:58.744323
TXN516578,CUSTX368,15728.4,,,
TXN144058,,9166.42,,Pune,
TXN233202,CUST4282,60905.63,,Delhi,INVALID_DATE
TXN529352,,2969.9,Zomato,Chennai,INVALID_DATE
TXN583782,CUSTX622,72382.78,Netflix,Bangalore,INVALID_DATE
TXN647076,CUSTX517,8503.29,Flipkart,Delhi,
TXN255149,CUST3857,5288.93,Swiggy,Pune,
TXN375006,,31701.69,Uber,,2026-03-30T23:43:58.872624
TXN659678,,invalid,Zomato,,INVALID_DATE
TXN606314,CUST7179,2936.7,Zomato,Bangalore,
TXN426464,,6834.01,,Bangalore,INVALID_DATE
TXN290877,,10097.63,Amazon,Chennai,
TXN309734,CUSTX275,20526.67,Flipkart,Delhi,
TXN875052,,18319.79,Uber,Mumbai,INVALID_DATE
TXN696848,CUST8055,23485.86,,,INVALID_DATE
TXN653122,,23612.07,Flipkart,Pune,INVALID_DATE
TXN608095,,21638.34,,Delhi,2026-03-30T23:43:58.999895
TXN465716,,NaN,,Delhi,INVALID_DATE
TXN359505,CUSTX138,25692.54,Zomato,Pune,INVALID_DATE
TXN422795,CUST2700,959.25,Amazon,Chennai,INVALID_DATE
TXN916840,CUST9748,78274.79,,,INVALID_DATE
TXN710648,CUST5077,12749.62,Flipkart,Chennai,INVALID_DATE
TXN930924,,28344.11,Flipkart,Mumbai,
TXN917326,CUSTX812,17890.61,Zomato,Delhi,
TXN505479,CUST7524,18549.36,Amazon,Chennai,2026-03-30T23:44:00.669774
TXN963836,,2932.66,,,
TXN486286,CUSTX452,57404.23,Netflix,,2026-03-30T23:44:00.719392
TXN387105,CUST3180,11058.13,Amazon,Delhi,
TXN934807,CUST8831,23810.81,Zomato,Mumbai,2026-03-30T23:44:00.789384
TXN877642,,NaN,,Pune,
TXN678479,CUST4627,11874.54,Amazon,Mumbai,
TXN708130,,13912.4,,Chennai,2026-03-30T23:44:00.872700
TXN911114,,68753.42,,Pune,
TXN455959,CUSTX983,8553.66,Uber,Bangalore,2026-03-30T23:44:00.919517
TXN822724,CUST6507,0,Zomato,Bangalore,2026-03-30T23:44:00.946888
TXN928447,,16059.27,Zomato,,INVALID_DATE
TXN415708,,,Flipkart,,INVALID_DATE
TXN451769,,18915.15,Uber,Bangalore,
TXN945202,CUST2946,0,Swiggy,Delhi,
TXN317030,,21994.56,,Mumbai,2026-03-30T23:44:01.084196
TXN486535,,15757.08,Zomato,Pune,2026-03-30T23:44:01.151733
TXN561211,CUSTX709,15599.66,,,INVALID_DATE
TXN800287,CUST8965,25737.8,Flipkart,Pune,2026-03-30T23:44:01.211428
TXN932968,CUSTX796,13700.34,,Bangalore,2026-03-30T23:44:01.240210
TXN819583,,8865.61,Flipkart,,2026-03-30T23:44:01.270118
TXN669950,CUSTX946,7537.4,Zomato,Pune,2026-03-30T23:44:01.290436
TXN105350,,53061.76,,Chennai,
TXN909478,,24181.56,,Bangalore,
TXN203245,,NaN,Uber,Chennai,
TXN846856,,54599.48,Netflix,Pune,
TXN933055,,14952.43,Flipkart,,INVALID_DATE
TXN874675,,18631.91,Zomato,,
TXN492242,,6069.66,Netflix,Pune,
TXN699521,,ERR,Swiggy,Pune,INVALID_DATE
TXN646414,CUST5034,22422.84,Amazon,,
TXN288826,,20810.1,Swiggy,Delhi,
TXN174458,,###,Netflix,Pune,2026-03-30T23:44:02.432015
TXN952948,CUST2227,22325.11,Flipkart,,
TXN679352,,10201.24,Flipkart,Bangalore,
TXN714140,CUSTX902,24579.16,Zomato,,INVALID_DATE
TXN959810,CUSTX731,3658.23,Amazon,Chennai,
TXN525025,CUST8344,21203.05,,Pune,
TXN282084,CUST3628,17810.32,Uber,,2026-03-30T23:44:02.575784
TXN185731,,13344.32,Swiggy,Delhi,2026-03-30T23:44:02.581597
TXN294281,CUST9465,7614.34,,Pune,
TXN351882,,0,,,INVALID_DATE
TXN470924,CUST8103,53929.07,Amazon,,INVALID_DATE
TXN518890,CUSTX910,4371.26,Netflix,Mumbai,
TXN480361,,17097.42,Zomato,,
TXN242350,,9592.08,Flipkart,,2026-03-30T23:44:02.669777
TXN867538,CUST8625,241.2,,Delhi,
TXN911491,,17802.47,,Pune,
TXN248653,,12337.33,,Pune,2026-03-30T23:44:02.695349
TXN715540,,2007.54,Uber,Chennai,
TXN731795,CUST5728,13014.71,,,INVALID_DATE
TXN796414,CUST2499,24798.58,Amazon,,
TXN888457,CUST2601,NaN,Flipkart,Chennai,
TXN961242,CUST1267,14250.59,Flipkart,Pune,
TXN560609,,4938.6,Netflix,Delhi,INVALID_DATE
TXN636453,,14327.43,,,2026-03-30T23:44:04.207826
TXN405283,,0,Amazon,Mumbai,
TXN751463,CUSTX208,22124.07,Swiggy,Pune,
TXN267408,CUSTX667,3478.14,,,
TXN427912,,19660.8,Amazon,Delhi,2026-03-30T23:44:04.300769
TXN578725,CUSTX444,25551.54,Uber,,INVALID_DATE
TXN282377,,0,Netflix,Bangalore,
TXN141216,CUST8186,14753.4,Uber,,
TXN307089,CUST4347,17525.18,Netflix,Mumbai,INVALID_DATE
TXN947957,,15000.99,,Pune,2026-03-30T23:44:04.425008
TXN903252,CUST2497,40144.93,,Delhi,
TXN657753,CUST6829,63392.17,Uber,Delhi,INVALID_DATE
TXN683271,CUSTX788,23555.06,Amazon,Mumbai,2026-03-30T23:44:05.465552
TXN103796,,19658.85,Amazon,,
TXN734590,CUST6025,2062.41,Netflix,,INVALID_DATE
TXN426878,CUSTX276,,,Pune,
TXN444814,CUSTX722,1882.07,,Bangalore,INVALID_DATE
TXN625276,CUST2620,25276.85,Flipkart,Pune,INVALID_DATE
TXN566698,,23648.89,,Bangalore,
TXN319926,,12924.4,Amazon,,
TXN229583,,9292.65,,Chennai,
TXN308710,,###,Netflix,Chennai,INVALID_DATE
TXN323842,CUSTX377,24946.44,Amazon,Delhi,INVALID_DATE
TXN445737,,2885.22,,Pune,2026-03-30T23:44:05.786561
TXN325577,,21517.85,Flipkart,Mumbai,
TXN904333,,16671.24,Swiggy,Pune,
TXN570787,CUSTX734,invalid,Zomato,Delhi,
TXN323951,CUST3221,11067.34,Zomato,Bangalore,2026-03-30T23:44:05.879923
TXN542967,CUST1794,23989.44,Netflix,Bangalore,2026-03-30T23:44:05.902568
TXN759120,CUSTX602,NaN,Uber,Pune,
TXN961668,CUSTX770,,Uber,Pune,INVALID_DATE
TXN983734,CUSTX941,12590.49,Zomato,Mumbai,
TXN644183,,17567.72,Swiggy,,2026-03-30T23:44:05.991339
TXN182293,,8743.02,Flipkart,Chennai,2026-03-30T23:44:06.013227
TXN451015,CUSTX501,19534.19,Flipkart,Delhi,2026-03-30T23:44:06.037202
TXN319308,CUSTX823,64498.32,Amazon,,2026-03-30T23:44:06.064616
TXN753504,,6124.81,Uber,Delhi,
TXN640919,,10040.33,,Chennai,
TXN579347,,14900.66,Zomato,,
TXN642898,,1587.09,Amazon,Bangalore,INVALID_DATE
TXN735541,CUST5523,12082.52,Netflix,,
TXN562308,CUST2596,14378.58,,Delhi,
TXN127547,,20695.62,,Bangalore,
TXN313397,CUST9250,0,,Chennai,2026-03-30T23:44:07.165450
TXN306693,,21909.01,Uber,Mumbai,
TXN443120,,23296.96,Flipkart,Bangalore,2026-03-30T23:44:07.214999
TXN880982,,2978.61,Swiggy,Chennai,INVALID_DATE
TXN993935,,54728.75,Uber,Pune,
TXN709272,,4062.91,Uber,Delhi,
TXN468357,,2232.13,Flipkart,Bangalore,
TXN535134,,15938.44,Flipkart,,
TXN444034,CUSTX498,57757.33,,Pune,
TXN105790,,###,Netflix,,
TXN874866,,0,Swiggy,Pune,INVALID_DATE
TXN233502,CUSTX332,11801.29,Zomato,Chennai,2026-03-30T23:44:08.363381
TXN727251,CUSTX694,59343.37,Flipkart,Chennai,
TXN184948,CUSTX686,3294.56,Uber,Delhi,
TXN670457,CUSTX849,19800.46,,,
TXN590203,CUST6416,15533.61,Amazon,,2026-03-30T23:44:08.467312
TXN855526,,8516.69,Swiggy,Pune,2026-03-30T23:44:08.490833
TXN184576,,10323.38,Uber,,INVALID_DATE
TXN814972,CUST8590,17141.75,Uber,Pune,
TXN932461,CUSTX749,18342.6,Zomato,Pune,
TXN440584,,9048.01,Swiggy,Chennai,2026-03-30T23:44:08.581014
TXN897919,,ERR,,Mumbai,
TXN872544,CUST4850,10184.28,,,INVALID_DATE
TXN438988,,50128.47,Flipkart,Delhi,INVALID_DATE
TXN268930,,3196.64,,,2026-03-30T23:44:08.674566
TXN139465,,23007.32,Flipkart,Pune,
TXN863739,,37948.58,Uber,,
TXN309197,,7787.33,Zomato,Bangalore,
TXN321383,,8077.25,,Pune,INVALID_DATE
TXN766032,CUST2978,8921.02,,,
TXN589662,,20692.54,Flipkart,Delhi,
TXN624776,CUSTX800,5787.65,Flipkart,Mumbai,
TXN667354,CUSTX229,22383.87,Uber,,
TXN494399,CUSTX830,ERR,,,INVALID_DATE
TXN688228,,1928.4,Amazon,,
TXN506462,CUST6512,27222.22,,Mumbai,INVALID_DATE
TXN181670,,15861.92,,,
TXN616649,CUST7955,11039.2,Uber,Chennai,
TXN403924,,1223.89,Swiggy,Mumbai,INVALID_DATE
TXN329753,,17821.75,Uber,Delhi,2026-03-30T23:44:10.059819
TXN238930,CUST3295,7965.5,Amazon,Mumbai,2026-03-30T23:44:10.087909
TXN887261,,0,,Mumbai,
TXN800235,,16513.0,Flipkart,Mumbai,
TXN478980,CUST4227,40068.7,,,
TXN918432,,17166.45,Uber,Chennai,
TXN897014,CUSTX680,23318.01,Netflix,Delhi,INVALID_DATE
TXN729291,CUST5813,10588.42,Zomato,Bangalore,
TXN133030,CUST7823,??,Uber,Mumbai,2026-03-30T23:44:10.285471
TXN863754,CUST6368,11252.61,,Pune,
TXN652382,CUST5675,58599.63,Flipkart,,2026-03-30T23:44:10.337753
TXN131549,,4438.83,Uber,,
TXN868417,CUST9294,13285.15,Flipkart,,
TXN902051,,10458.84,,Chennai,
TXN588644,CUSTX394,23311.46,,Mumbai,INVALID_DATE
TXN983797,,19318.69,Flipkart,Chennai,
TXN613834,CUST2282,12974.75,Flipkart,Delhi,
TXN120456,,7338.86,,Bangalore,
TXN642293,,23844.59,Netflix,Mumbai,
TXN945059,,18867.91,Zomato,,2026-03-30T23:44:11.410882
TXN496887,CUST3353,32593.34,Netflix,Mumbai,2026-03-30T23:44:11.542541
TXN809152,CUSTX288,11121.03,,Delhi,2026-03-30T23:44:11.573549
TXN274675,CUST1046,19937.52,Flipkart,Mumbai,2026-03-30T23:44:11.605257
TXN418175,,??,Netflix,Mumbai,
TXN545855,,13178.15,Netflix,Pune,INVALID_DATE
TXN682418,,7996.01,Flipkart,Delhi,INVALID_DATE
TXN579419,,7883.91,Swiggy,Mumbai,2026-03-30T23:44:11.723960
TXN494007,,13324.26,Zomato,Mumbai,
TXN591892,CUSTX687,52758.8,Swiggy,,2026-03-30T23:44:11.764375
TXN262918,,13070.63,Uber,,
TXN393704,,13936.32,Flipkart,,
TXN285621,,21955.43,Flipkart,,2026-03-30T23:44:11.849427
TXN436557,,5459.57,Swiggy,Pune,
TXN881762,,9157.17,Zomato,Chennai,
TXN500979,CUSTX223,11023.62,Zomato,Delhi,
TXN951040,,0,Flipkart,Mumbai,
TXN167313,CUSTX962,,Flipkart,,INVALID_DATE
TXN314238,CUSTX377,13369.62,Flipkart,,
TXN838061,,6891.78,Uber,Chennai,
TXN681097,CUST6444,26319.38,Flipkart,,
TXN334161,,26993.67,Netflix,Pune,INVALID_DATE
TXN553163,CUST1349,56301.06,,Delhi,2026-03-30T23:44:13.000721
TXN658484,,22638.19,Netflix,,
TXN875428,CUST9213,7263.74,,,
TXN188180,CUSTX782,4197.71,Uber,Bangalore,2026-03-30T23:44:13.084414
TXN804144,CUST9541,2489.84,Zomato,Mumbai,2026-03-30T23:44:13.115188
TXN246641,CUSTX647,11692.26,Zomato,,2026-03-30T23:44:13.132073
TXN309169,CUST4917,,Uber,Bangalore,INVALID_DATE
TXN751537,,14630.22,Amazon,,
TXN113368,,4744.45,Zomato,,2026-03-30T23:44:13.227354
TXN518933,CUST3662,25481.7,Flipkart,Mumbai,
TXN268897,,2113.79,Amazon,Chennai,
TXN156989,,,,Bangalore,INVALID_DATE
TXN145609,CUSTX590,18472.51,Amazon,Pune,
TXN280730,CUST6461,19093.38,,Delhi,
TXN629869,,42015.61,Flipkart,Bangalore,2026-03-30T23:44:13.383129
TXN352745,CUSTX802,11805.35,Swiggy,Delhi,INVALID_DATE
TXN541176,,0,,Delhi,2026-03-30T23:44:13.444027
TXN712686,,16907.26,Flipkart,Chennai,INVALID_DATE
TXN323009,CUSTX253,18359.39,,Chennai,2026-03-30T23:44:14.357357
TXN356084,,??,,Mumbai,
TXN344771,,10039.65,,Chennai,
TXN172547,,20738.23,Flipkart,,2026-03-30T23:44:14.530493
TXN974205,,18886.33,Zomato,Pune,
TXN145100,CUST2157,24524.64,,Chennai,
TXN356091,CUSTX552,24416.23,,Mumbai,2026-03-30T23:44:14.623962
TXN625976,,36629.04,Netflix,Mumbai,INVALID_DATE
TXN650209,CUST8943,7761.16,,Pune,INVALID_DATE
TXN507931,CUST4774,20159.49,Flipkart,Pune,
TXN280542,,5019.98,Zomato,,2026-03-30T23:44:14.721072
TXN952735,CUSTX634,NaN,Swiggy,Delhi,INVALID_DATE
TXN583441,,2997.77,,Delhi,
TXN513189,CUST8448,747.83,,Bangalore,
TXN847191,,46148.02,Swiggy,Mumbai,
TXN265064,CUSTX798,9654.76,Netflix,Bangalore,2026-03-30T23:44:14.942915
TXN232553,CUSTX624,invalid,Zomato,Mumbai,
TXN203443,,72.3,Swiggy,,INVALID_DATE
TXN976883,,NaN,Flipkart,Delhi,2026-03-30T23:44:15.053547
TXN433080,,16164.02,Amazon,Chennai,2026-03-30T23:44:15.753003
TXN198600,,26592.23,Amazon,Bangalore,
TXN399892,CUSTX477,13657.23,Flipkart,Mumbai,
TXN460511,,9514.43,Amazon,Mumbai,INVALID_DATE
TXN692422,CUSTX338,2938.77,Uber,Bangalore,
TXN936631,CUST2277,15886.61,Swiggy,Pune,
TXN658598,CUST4944,0,,Chennai,INVALID_DATE
TXN342155,,36249.36,,Delhi,INVALID_DATE
TXN157494,CUST5306,18192.06,,Bangalore,2026-03-30T23:44:15.925782
TXN800684,,12117.41,Uber,,
TXN962296,CUST7364,,Uber,Mumbai,2026-03-30T23:44:15.964713
TXN621203,,13327.45,Uber,Delhi,
TXN886146,,16657.24,,Mumbai,
TXN998494,,7389.82,Swiggy,,INVALID_DATE
TXN103681,CUST4483,11919.5,,,
TXN441307,,5370.62,Flipkart,Pune,2026-03-30T23:44:16.066123
TXN470159,CUSTX387,1252.64,,Delhi,2026-03-30T23:44:16.081581
TXN842370,,15584.3,,,
TXN847562,CUST8407,1244.6,Netflix,Bangalore,INVALID_DATE
TXN764944,,20123.68,Zomato,Mumbai,INVALID_DATE
TXN165515,,13539.26,,Mumbai,INVALID_DATE
TXN442713,CUSTX541,59611.71,,Delhi,INVALID_DATE
TXN724180,,14989.88,Netflix,Mumbai,INVALID_DATE
TXN234615,,6249.97,Flipkart,Chennai,INVALID_DATE
TXN224996,,12115.9,,Mumbai,INVALID_DATE
TXN285348,,7619.16,Flipkart,Pune,
TXN728107,,27143.62,Uber,,2026-03-30T23:44:16.223835
TXN267611,CUSTX204,4411.17,,Bangalore,
TXN689189,,19909.11,Netflix,Mumbai,
TXN361836,CUSTX357,11973.09,,Pune,INVALID_DATE
TXN557951,,15786.63,Netflix,,2026-03-30T23:44:16.275437
TXN677718,CUSTX595,5720.75,Amazon,Pune,2026-03-30T23:44:16.290634
TXN577955,,NaN,,,INVALID_DATE
TXN552288,CUST9011,3936.3,Zomato,Bangalore,2026-03-30T23:44:16.318716
TXN287731,,60944.27,Netflix,Mumbai,
TXN500970,CUSTX309,,Swiggy,,
TXN749189,,850.88,Netflix,,
TXN797615,,26337.45,Swiggy,,
TXN428993,,20834.32,Swiggy,,
TXN192291,,5469.4,,,
TXN180306,CUSTX788,23312.83,Flipkart,Chennai,
TXN592784,,26774.97,Swiggy,,
TXN959403,CUST1346,24053.54,Zomato,Bangalore,
TXN454416,,19314.92,Swiggy,Mumbai,
TXN437271,CUST4172,15794.81,Uber,Bangalore,
TXN799756,,7762.35,Amazon,Mumbai,2026-03-30T23:44:18.258240
TXN267834,CUSTX683,11814.47,,Chennai,2026-03-30T23:44:18.280655
TXN165402,,4264.76,Uber,Mumbai,2026-03-30T23:44:18.296315
TXN360795,,25848.66,,,
TXN856573,,279.13,Netflix,Delhi,INVALID_DATE
TXN336243,,6286.19,,,INVALID_DATE
TXN779886,CUSTX286,,Uber,Chennai,
TXN215493,,20878.37,Flipkart,Delhi,
TXN470776,,395.47,Swiggy,,2026-03-30T23:44:18.422551
TXN300900,CUST9267,7183.4,,Bangalore,2026-03-30T23:44:18.444057
TXN163262,CUST8746,13309.45,,Chennai,2026-03-30T23:44:18.466452
TXN327197,CUSTX819,21240.71,,Chennai,INVALID_DATE
TXN959173,CUSTX545,21918.79,,Pune,
TXN288635,,10967.95,Uber,,
TXN236402,,78517.3,,Mumbai,2026-03-30T23:44:19.720619
TXN152029,,??,,Delhi,2026-03-30T23:44:19.748339
TXN675843,CUSTX588,79427.25,Uber,Mumbai,
TXN728418,CUST8443,,Netflix,Bangalore,
TXN466355,,8795.87,,Chennai,
TXN672655,CUSTX627,6946.85,,Mumbai,INVALID_DATE
TXN344132,CUST9727,5297.99,Swiggy,Mumbai,
TXN407152,CUSTX312,21671.72,,Bangalore,2026-03-30T23:44:19.885545
TXN917017,CUST3769,23829.79,Swiggy,Delhi,2026-03-30T23:44:19.907212
TXN961598,CUST8746,15868.71,,Mumbai,
TXN635769,CUST7001,22340.66,Swiggy,Bangalore,2026-03-30T23:44:19.948152
TXN688150,CUSTX400,9428.08,Netflix,,2026-03-30T23:44:19.971829
TXN138976,,21178.95,Flipkart,Mumbai,
TXN491598,,4456.88,Flipkart,,INVALID_DATE
TXN723849,CUST4597,15935.71,Flipkart,,
TXN807189,CUST3900,,Uber,Bangalore,2026-03-30T23:44:20.051352
TXN325308,,4142.56,Uber,Delhi,INVALID_DATE
TXN385693,,14953.68,Amazon,Bangalore,2026-03-30T23:44:20.083078
TXN424539,CUST3749,13146.33,Amazon,Chennai,INVALID_DATE
TXN573814,CUST7155,0,Zomato,,2026-03-30T23:44:20.128232
TXN133140,,??,Amazon,Bangalore,2026-03-30T23:44:20.140035
TXN322391,CUSTX937,15934.48,,Bangalore,2026-03-30T23:44:20.165073
TXN589201,,17515.72,Amazon,Chennai,2026-03-30T23:44:20.169482
TXN173623,,12677.17,Uber,,
TXN766281,,56944.59,Uber,,
TXN448227,,23435.75,Amazon,Bangalore,INVALID_DATE
TXN600141,CUSTX892,11780.23,Flipkart,Bangalore,
TXN645600,,invalid,Amazon,,
TXN894117,CUSTX123,19676.29,Flipkart,Pune,INVALID_DATE
TXN940236,,6299.44,Zomato,Pune,
TXN412658,CUST7961,22354.18,Flipkart,Chennai,
TXN927929,,17096.5,Swiggy,Bangalore,
TXN399624,,1161.63,Flipkart,Mumbai,2026-03-30T23:44:21.795390
TXN414697,CUSTX543,20332.17,Zomato,Delhi,2026-03-30T23:44:21.823109
TXN751329,CUST1582,0,Uber,Bangalore,2026-03-30T23:44:21.848254
TXN797866,CUST2468,13060.04,Netflix,Bangalore,
TXN253204,,13480.41,Amazon,,
TXN465220,CUST5970,22905.35,Uber,Pune,INVALID_DATE
TXN864904,,3924.87,Swiggy,Mumbai,
TXN239177,CUST7793,0,Flipkart,Pune,
TXN869341,,2810.61,Uber,Bangalore,
TXN483983,CUSTX262,17488.15,Netflix,Mumbai,
TXN897137,,5625.8,,Chennai,INVALID_DATE
TXN361065,CUST8897,20664.45,Uber,,
TXN471126,,11084.46,Zomato,Mumbai,2026-03-30T23:44:23.093457
TXN449730,CUST7118,15462.97,,Bangalore,INVALID_DATE
TXN385645,,5346.53,Flipkart,Pune,
TXN588612,,13263.61,Swiggy,,
TXN835004,,,Zomato,Mumbai,2026-03-30T23:44:23.178516
TXN953947,CUSTX648,10370.78,,,INVALID_DATE
TXN429129,CUSTX924,3392.71,Swiggy,,2026-03-30T23:44:23.226232
TXN142383,CUST3336,4534.74,Netflix,Delhi,
TXN803387,,,Flipkart,Chennai,
TXN212452,,38388.9,,Delhi,INVALID_DATE
TXN961554,,0,Uber,Chennai,
TXN147734,CUST8126,18801.18,Swiggy,Pune,INVALID_DATE
TXN658394,CUST3223,6376.37,Flipkart,Bangalore,
TXN902549,,15034.03,Netflix,Pune,INVALID_DATE
TXN566617,,7092.51,Netflix,Delhi,INVALID_DATE
TXN215405,,22732.16,Uber,,INVALID_DATE
TXN155132,,6562.98,,Chennai,
TXN692289,CUST5508,18018.65,Zomato,Pune,2026-03-30T23:44:23.460422
TXN358802,,23584.35,Swiggy,Mumbai,2026-03-30T23:44:23.479993
TXN444335,CUSTX403,15897.52,Flipkart,,
TXN267478,CUST4712,6538.41,Flipkart,Chennai,
TXN228815,,9254.44,Zomato,Chennai,
TXN516798,,15939.79,Flipkart,,INVALID_DATE
TXN605172,CUST1509,60092.69,,Mumbai,2026-03-30T23:44:24.802497
TXN273791,,26411.44,Flipkart,,
TXN988775,,0,Netflix,Chennai,INVALID_DATE
TXN747969,,15049.02,Zomato,,INVALID_DATE
TXN829254,,23033.92,Swiggy,Pune,
TXN333572,,11255.92,,Pune,INVALID_DATE
TXN295177,,4703.63,Swiggy,Mumbai,
TXN997694,CUST9964,3095.76,Zomato,Mumbai,INVALID_DATE
TXN355925,,10149.83,,Mumbai,2026-03-30T23:44:25.013386
TXN584623,CUSTX982,8178.84,Amazon,Mumbai,INVALID_DATE
TXN637482,CUST9090,3340.94,Zomato,,
TXN813412,CUST2276,15170.74,Uber,,2026-03-30T23:44:25.085060
TXN296427,,21840.8,Amazon,Mumbai,
TXN969142,CUSTX660,9231.93,Netflix,,
TXN539122,CUST6851,16469.78,,,
TXN790985,,15682.47,Amazon,Pune,
TXN893430,,7255.09,,,2026-03-30T23:44:25.199394
TXN373146,CUST4027,23395.58,Swiggy,Bangalore,2026-03-30T23:44:25.215211
TXN415109,,,Zomato,Chennai,
TXN391485,,6328.76,Netflix,Mumbai,
TXN114634,,12689.28,Uber,Bangalore,INVALID_DATE
TXN919748,,20407.4,Uber,,2026-03-30T23:44:26.374757
TXN829119,,4511.59,Netflix,,
TXN710517,,25931.41,Flipkart,Bangalore,
TXN254903,,15565.92,Flipkart,Chennai,INVALID_DATE
TXN518995,CUST4734,61312.05,Amazon,Chennai,INVALID_DATE
TXN677807,,23557.92,Swiggy,Mumbai,INVALID_DATE
TXN224007,CUSTX618,15350.75,Swiggy,,2026-03-30T23:44:26.520065
TXN384148,,21285.33,Netflix,Mumbai,2026-03-30T23:44:26.545132
TXN174012,,9936.33,Zomato,Chennai,
TXN776522,CUST8179,20935.01,,,2026-03-30T23:44:26.585107
TXN546370,,ERR,Swiggy,Mumbai,
TXN750197,CUSTX155,0,,,2026-03-30T23:44:26.640090
TXN955146,,7751.32,Netflix,,2026-03-30T23:44:26.660551
TXN464765,,39568.51,Swiggy,,2026-03-30T23:44:26.680727
TXN432090,,8428.72,,Bangalore,2026-03-30T23:44:26.696852
TXN589823,CUST8295,23758.1,Netflix,Chennai,INVALID_DATE
TXN990140,CUSTX346,12251.31,Amazon,,
TXN800977,CUSTX952,22415.19,Zomato,,2026-03-30T23:44:26.775849
TXN963381,,7569.24,Netflix,Mumbai,INVALID_DATE
TXN307737,CUST3703,11747.32,Swiggy,,
TXN529870,,21670.06,,,
TXN233213,,24029.21,Netflix,,
TXN919334,CUSTX903,15792.05,,Bangalore,
TXN635375,,7921.02,Uber,Bangalore,2026-03-30T23:44:28.014013
TXN155061,,1023.43,Swiggy,,INVALID_DATE
TXN907400,,11633.09,Uber,,INVALID_DATE
TXN455315,CUST6255,17759.22,Amazon,Chennai,2026-03-30T23:44:28.066068
TXN832625,,32559.64,Zomato,,
TXN544377,CUSTX960,??,Amazon,Pune,
TXN958482,,71033.57,Netflix,Delhi,
TXN786779,,2142.95,Swiggy,Pune,INVALID_DATE
TXN539842,CUSTX483,5864.34,Amazon,,
TXN457318,CUST3086,15591.02,,Mumbai,
TXN484014,CUST6515,6002.58,Zomato,Mumbai,2026-03-30T23:44:28.245478
TXN420910,CUSTX455,10074.36,Uber,,2026-03-30T23:44:28.268930
TXN305854,CUST2024,###,Swiggy,Delhi,INVALID_DATE
TXN840527,,19013.42,Uber,Delhi,2026-03-30T23:44:28.312124
TXN690281,,14112.11,Amazon,Delhi,
TXN492711,CUST4414,0,Flipkart,Mumbai,2026-03-30T23:44:28.351386
TXN993024,CUSTX693,70185.79,Swiggy,Delhi,2026-03-30T23:44:28.367187
TXN731311,,11219.29,Netflix,Bangalore,INVALID_DATE
TXN245029,,29569.41,Zomato,,
TXN948172,CUSTX903,18207.65,Zomato,Chennai,
TXN632097,,13617.51,Uber,,
TXN761461,CUSTX302,27371.79,Amazon,,2026-03-30T23:44:28.442062
TXN223971,CUSTX519,9686.28,Amazon,Bangalore,
TXN803431,CUSTX949,,,Bangalore,2026-03-30T23:44:29.585836
TXN239952,CUST4727,20758.47,Uber,Mumbai,
TXN151160,CUSTX329,4716.76,,,
TXN988084,,8449.97,Amazon,Pune,2026-03-30T23:44:29.774933
TXN168431,CUST6746,10656.47,Swiggy,Bangalore,
TXN254179,CUST1373,6275.23,Netflix,Bangalore,2026-03-30T23:44:29.835588
TXN298481,CUST1515,14426.02,Amazon,,2026-03-30T23:44:29.853014
TXN609628,CUSTX916,8658.82,Flipkart,,2026-03-30T23:44:29.888595
TXN527429,CUST1158,3442.86,,,
TXN785041,,5860.59,Zomato,Mumbai,
TXN258114,,3060.27,Zomato,,
TXN296487,,26511.84,Swiggy,Delhi,2026-03-30T23:44:29.991840
TXN917549,,15692.74,Flipkart,,INVALID_DATE
TXN448918,CUSTX421,??,Flipkart,,INVALID_DATE
TXN598850,,8997.66,,,2026-03-30T23:44:30.075891
TXN122613,,8436.16,Uber,Pune,
TXN882302,CUST7494,21897.94,,Mumbai,
TXN696916,CUSTX583,24922.01,Netflix,,2026-03-30T23:44:30.155446
TXN398406,CUSTX247,12017.49,,Chennai,
TXN468217,,15541.11,Swiggy,Pune,
TXN521802,CUST5261,3483.26,Amazon,Pune,
TXN684223,,,Netflix,Mumbai,2026-03-30T23:44:31.113484
TXN818431,,24853.69,Swiggy,Mumbai,2026-03-30T23:44:31.145146
TXN694604,,ERR,Netflix,,
TXN140902,,14173.47,Uber,Delhi,
TXN853642,,10041.71,,,2026-03-30T23:44:31.223957
TXN825447,,64684.23,Swiggy,Delhi,
TXN462823,CUST4414,3407.59,,Chennai,
TXN229843,CUST6299,40128.15,Amazon,Pune,
TXN655676,,13747.58,Netflix,,
TXN234075,CUST5287,5045.95,Zomato,Mumbai,
TXN907162,,22214.72,Amazon,Mumbai,
TXN964206,,??,,,INVALID_DATE
TXN624655,,526.41,,Bangalore,2026-03-30T23:44:31.448050
TXN435877,,16381.02,Uber,,INVALID_DATE
TXN909158,CUST3153,21488.85,Zomato,Mumbai,INVALID_DATE
TXN157496,CUSTX119,,Zomato,Delhi,
TXN463856,,26125.59,Zomato,Delhi,2026-03-30T23:44:31.551105
TXN284395,CUSTX433,4099.35,Flipkart,Mumbai,
TXN761287,CUST4716,2180.33,Flipkart,Chennai,
TXN277556,,3225.55,,Delhi,
TXN725463,CUST7626,5370.27,Uber,Mumbai,2026-03-30T23:44:32.663779
TXN445925,CUSTX176,0,Zomato,Mumbai,INVALID_DATE
TXN251722,CUSTX628,17831.39,Flipkart,,
TXN410828,,13039.29,Uber,Bangalore,2026-03-30T23:44:32.737745
TXN931668,,150.81,Swiggy,Mumbai,2026-03-30T23:44:32.759415
TXN997260,CUSTX311,,Netflix,,INVALID_DATE
TXN822127,,0,Amazon,Pune,INVALID_DATE
TXN556584,,13485.26,Amazon,Bangalore,
TXN308676,,2208.33,Flipkart,Chennai,2026-03-30T23:44:32.846760
TXN756234,,18271.77,Amazon,Delhi,
TXN550495,,18447.36,Swiggy,Delhi,INVALID_DATE
TXN891814,,8025.82,Amazon,Bangalore,INVALID_DATE
TXN276094,,52372.86,,Chennai,INVALID_DATE
TXN956190,,12814.35,Zomato,Delhi,
TXN489401,,20819.13,Netflix,Bangalore,
TXN959564,,22543.56,Swiggy,Mumbai,
TXN488954,CUST2098,9870.11,,Delhi,
TXN110446,CUSTX103,22543.11,Swiggy,Mumbai,
TXN413291,,9884.56,,Bangalore,
TXN227958,CUSTX596,18969.14,Flipkart,Chennai,2026-03-30T23:44:33.100279
TXN653387,,21489.33,,Chennai,
TXN275679,,19648.85,,Chennai,
TXN991202,CUSTX727,11832.72,,,
TXN672853,CUSTX111,19834.49,,Chennai,
TXN704894,,63240.66,Swiggy,,
TXN361223,CUSTX260,15636.46,Flipkart,Bangalore,
TXN964825,,17944.89,,Mumbai,
TXN241072,CUST6906,6162.49,,Chennai,
TXN243033,CUSTX289,12805.41,Netflix,Pune,INVALID_DATE
TXN367386,CUST1466,4856.74,Netflix,Pune,INVALID_DATE
TXN399869,CUST8002,2678.28,Amazon,Bangalore,2026-03-30T23:44:34.526263
TXN556554,,72865.65,Netflix,,INVALID_DATE
TXN331909,,21207.09,Zomato,Chennai,
TXN707388,CUST6333,23921.75,Swiggy,Mumbai,2026-03-30T23:44:34.594404
TXN168254,,7246.62,,Delhi,
TXN307607,CUSTX443,1661.74,Swiggy,Mumbai,
TXN240434,,11723.97,Flipkart,Pune,
TXN817441,CUST8526,12209.74,Netflix,Chennai,INVALID_DATE
TXN773084,,22750.42,,Delhi,
TXN793376,,58122.04,,,
TXN801349,,12202.22,,Bangalore,INVALID_DATE
TXN802083,,,Zomato,,
TXN943597,,19721.48,Uber,,INVALID_DATE
TXN735380,CUSTX355,49597.97,Uber,Pune,
TXN385579,,17331.91,Netflix,Bangalore,2026-03-30T23:44:34.899203
TXN874113,,1528.91,Zomato,,2026-03-30T23:44:34.915266
TXN526212,,0,Uber,Pune,INVALID_DATE
TXN228111,,19132.32,Uber,Chennai,
TXN685679,CUST7227,###,Flipkart,Mumbai,
